model,score_test,score_val,eval_metric,pred_time_test,pred_time_val,fit_time,pred_time_test_marginal,pred_time_val_marginal,fit_time_marginal,stack_level,can_infer,fit_order
CatBoost,0.08986007828506704,0.21014924687210196,average_precision,0.0104827880859375,0.0015578269958496094,4.632197856903076,0.0104827880859375,0.0015578269958496094,4.632197856903076,1,True,5
NeuralNetTorch,0.08746944531767213,0.1715566194597528,average_precision,0.03492879867553711,0.024561405181884766,1.4743764400482178,0.03492879867553711,0.024561405181884766,1.4743764400482178,1,True,9
LightGBMXT,0.08246209700551894,0.23635523088516652,average_precision,0.0011799335479736328,0.0007812976837158203,4.3074939250946045,0.0011799335479736328,0.0007812976837158203,4.3074939250946045,1,True,1
RandomForestEntr,0.07993282071641618,0.20490170229531612,average_precision,0.039600372314453125,0.04636096954345703,0.35745811462402344,0.039600372314453125,0.04636096954345703,0.35745811462402344,1,True,4
ExtraTreesEntr,0.07982473240937465,0.2104894925899275,average_precision,0.06715869903564453,0.03605151176452637,0.362290620803833,0.06715869903564453,0.03605151176452637,0.362290620803833,1,True,7
WeightedEnsemble_L2,0.07954142589157112,0.27917517667210834,average_precision,0.07838916778564453,0.06316423416137695,6.206225872039795,0.0012776851654052734,0.0005960464477539062,0.04735970497131348,2,True,11
XGBoost,0.0788260957256566,0.18303177710454754,average_precision,0.01935577392578125,0.01332712173461914,0.8269739151000977,0.01935577392578125,0.01332712173461914,0.8269739151000977,1,True,8
LightGBMLarge,0.07331718616048437,0.19231951620667365,average_precision,0.010902881622314453,0.0007841587066650391,12.014378309249878,0.010902881622314453,0.0007841587066650391,12.014378309249878,1,True,10
ExtraTreesGini,0.07235777800993484,0.24327068339015598,average_precision,0.041002750396728516,0.03722548484802246,0.3769958019256592,0.041002750396728516,0.03722548484802246,0.3769958019256592,1,True,6
LightGBM,0.06863451587611076,0.22320996207219837,average_precision,0.0029578208923339844,0.0014369487762451172,9.5067458152771,0.0029578208923339844,0.0014369487762451172,9.5067458152771,1,True,2
RandomForestGini,0.06612849379229677,0.21207685517074276,average_precision,0.039388418197631836,0.06766867637634277,0.40931224822998047,0.039388418197631836,0.06766867637634277,0.40931224822998047,1,True,3
