feature,baseline_pr_auc,permuted_pr_auc,importance_pr_auc_drop
recent_distance_ratio,0.12407450860885633,0.09355480556787846,0.03051970304097787
cumul_pass_bottom_share,0.12407450860885633,0.09379232814448074,0.030282180464375585
cumul_pressure_quality,0.12407450860885633,0.09386782927303022,0.030206679335826103
last15_pass_bottom_share_smoothed,0.12407450860885633,0.09547600666031625,0.028598501948540078
attacker_x_last15_pass_top_share,0.12407450860885633,0.09629392847917231,0.027780580129684013
cumul_pressure_top_share_smoothed,0.12407450860885633,0.09664981183761061,0.02742469677124572
last15_pass_bottom_share,0.12407450860885633,0.09674716386498225,0.027327344743874077
is_defender,0.12407450860885633,0.09711481383266546,0.026959694776190868
cumul_pass_events_per_minute,0.12407450860885633,0.09726548210345626,0.02680902650540007
recent_hsr_ratio,0.12407450860885633,0.0977900917650756,0.02628441684378073
cumul_pressure_retention_smoothed,0.12407450860885633,0.0978647741501742,0.026209734458682132
cumul_pass_top_share,0.12407450860885633,0.09786780389323957,0.026206704715616758
last15_press_forced_turnover_count,0.12407450860885633,0.09788790097695797,0.026186607631898354
cumul_pass_receiver_diversity,0.12407450860885633,0.09801272945991626,0.026061779148940062
last15_pass_top_share,0.12407450860885633,0.09832429236758872,0.02575021624126761
cumul_pass_count,0.12407450860885633,0.09844520624813578,0.025629302360720543
checkpoint_abs_min,0.12407450860885633,0.09845472352962736,0.025619785079228963
cumul_pressure_turnover_rate_smoothed,0.12407450860885633,0.09855638704187725,0.02551812156697908
cumul_pressure_top_share,0.12407450860885633,0.09862693840363608,0.025447570205220246
shots_per_90_so_far,0.12407450860885633,0.09866297170194487,0.02541153690691146
is_attacker,0.12407450860885633,0.09873809151944264,0.025336417089413685
late_x_shot_pressure,0.12407450860885633,0.09875670780390432,0.02531780080495201
minutes_played_at_checkpoint,0.12407450860885633,0.09878495286233177,0.025289555746524556
last15_pass_top_share_smoothed,0.12407450860885633,0.0988333005437278,0.02524120806512853
is_late_game,0.12407450860885633,0.09884684960724849,0.02522765900160784
attacker_x_recent_shots,0.12407450860885633,0.09884898307200551,0.025225525536850812
is_goalkeeper,0.12407450860885633,0.09885002222902498,0.02522448637983135
last15_pressure_top_share,0.12407450860885633,0.09897533624505139,0.025099172363804934
cumul_shot_events_per_minute,0.12407450860885633,0.09914022381265303,0.0249342847962033
last5_pass_bottom_share,0.12407450860885633,0.09924992366661281,0.024824584942243516
last15_press_applied_count,0.12407450860885633,0.0992734664296624,0.024801042179193933
cumul_pass_top_share_smoothed,0.12407450860885633,0.09987994277747596,0.02419456583138037
cumul_pressure_forward_escape_rate_smoothed,0.12407450860885633,0.09996029653850294,0.024114212070353386
cumul_run_events_per_minute,0.12407450860885633,0.10003725777455563,0.024037250834300694
cumul_shot_to_pass_ratio,0.12407450860885633,0.10014783030464114,0.023926678304215188
cumul_pass_bottom_share_smoothed,0.12407450860885633,0.10081430517292946,0.02326020343592687
cumul_positive_xt_count,0.12407450860885633,0.1008598230471167,0.023214685561739626
last15_run_top_share,0.12407450860885633,0.10166636707264168,0.02240814153621465
sprints_per_90_so_far,0.12407450860885633,0.10298772801822631,0.021086780590630017
cumul_run_top_share,0.12407450860885633,0.10318402129689216,0.020890487311964162
