model,feature_set,n,positives,base_rate,threshold,roc_auc,pr_auc,balanced_accuracy,f1,precision,recall,precision_at_5pct,recall_at_5pct,precision_at_10pct,recall_at_10pct,top_decile_lift,top_5pct_n,top_10pct_n,brier,log_loss,tn,fp,fn,tp,threshold_objective,balanced_accuracy_threshold,fold
xgboost,base_checkpoint,1096,55,0.05018248175182482,0.8150621056556702,0.6762029517072745,0.09808932855987386,0.49855907780979825,0.0,0.0,0.0,0.12727272727272726,0.12727272727272726,0.12727272727272726,0.2545454545454545,2.5361983471074376,55,110,0.05534157325120489,0.22503997505625617,1038,3,55,0,f1,0.8150621056556702,1
xgboost,base_checkpoint,1185,80,0.06751054852320675,0.9123357534408569,0.6619909502262443,0.14867784787171914,0.5,0.0,0.0,0.0,0.25,0.1875,0.18487394957983194,0.275,2.738445378151261,60,119,0.06560745850789523,0.2996449652077075,1105,0,80,0,f1,0.9123357534408569,2
xgboost,base_checkpoint,1205,68,0.056431535269709544,0.8638125658035278,0.6193672719747529,0.10796434414617939,0.4995602462620932,0.0,0.0,0.0,0.16393442622950818,0.14705882352941177,0.1322314049586777,0.23529411764705882,2.3432182790471563,61,121,0.05782483227294643,0.2648184697762103,1136,1,68,0,f1,0.8638125658035278,3
xgboost,sprints_shots,1096,55,0.05018248175182482,0.6831949949264526,0.6067068378307571,0.0777996303241216,0.5023666055366344,0.02857142857142857,0.06666666666666667,0.01818181818181818,0.09090909090909091,0.09090909090909091,0.1,0.2,1.992727272727273,55,110,0.06953850897564072,0.25885875239281403,1027,14,54,1,f1,0.6831949949264526,1
xgboost,sprints_shots,1185,80,0.06751054852320675,0.692216157913208,0.6338574660633485,0.11756655487873956,0.4999151583710407,0.021052631578947368,0.06666666666666667,0.0125,0.15,0.1125,0.11764705882352941,0.175,1.7426470588235294,60,119,0.07559742879431555,0.2912818024394523,1091,14,79,1,f1,0.692216157913208,2
xgboost,sprints_shots,1205,68,0.056431535269709544,0.6694930791854858,0.6065238760411816,0.09443157054680493,0.502515650059496,0.025,0.08333333333333333,0.014705882352941176,0.09836065573770492,0.08823529411764706,0.0743801652892562,0.1323529411764706,1.3180602819640252,61,121,0.07059187555868546,0.270618282085541,1126,11,67,1,f1,0.6694930791854858,3
xgboost,base_plus_passing,1096,55,0.05018248175182482,0.798859715461731,0.6757139114487818,0.10053170318700785,0.49855907780979825,0.0,0.0,0.0,0.14545454545454545,0.14545454545454545,0.12727272727272726,0.2545454545454545,2.5361983471074376,55,110,0.05434037602182667,0.22209669069323595,1038,3,55,0,f1,0.798859715461731,1
xgboost,base_plus_passing,1185,80,0.06751054852320675,0.925814688205719,0.6636425339366516,0.14138827305343787,0.5,0.0,0.0,0.0,0.2,0.15,0.19327731092436976,0.2875,2.862920168067227,60,119,0.06646800728165364,0.29979337665803774,1105,0,80,0,f1,0.925814688205719,2
xgboost,base_plus_passing,1205,68,0.056431535269709544,0.8643800616264343,0.6189016503699105,0.10305040167396079,0.4995602462620932,0.0,0.0,0.0,0.18032786885245902,0.16176470588235295,0.11570247933884298,0.20588235294117646,2.0503159941662616,61,121,0.05860872357003685,0.26510656515221404,1136,1,68,0,f1,0.8643800616264343,3
xgboost,base_plus_pressure,1096,55,0.05018248175182482,0.8234553337097168,0.6640118766919919,0.09402495264241613,0.49951969260326606,0.0,0.0,0.0,0.12727272727272726,0.12727272727272726,0.1,0.2,1.992727272727273,55,110,0.05445983597990343,0.22754552803808717,1040,1,55,0,f1,0.8234553337097168,1
xgboost,base_plus_pressure,1185,80,0.06751054852320675,0.9020329713821411,0.6532918552036199,0.1387073366560268,0.5,0.0,0.0,0.0,0.2,0.15,0.18487394957983194,0.275,2.738445378151261,60,119,0.066875721727814,0.304911112409955,1105,0,80,0,f1,0.9020329713821411,2
xgboost,base_plus_pressure,1205,68,0.056431535269709544,0.8494310975074768,0.6157069688033525,0.09598775266899436,0.5069131874385638,0.02857142857142857,0.5,0.014705882352941176,0.13114754098360656,0.11764705882352941,0.11570247933884298,0.20588235294117646,2.0503159941662616,61,121,0.05906468398008664,0.2667462367471141,1136,1,67,1,f1,0.8494310975074768,3
xgboost,recent_only,1096,55,0.05018248175182482,0.7577993273735046,0.6411143131604227,0.09534607138768489,0.49807877041306436,0.0,0.0,0.0,0.16363636363636364,0.16363636363636364,0.12727272727272726,0.2545454545454545,2.5361983471074376,55,110,0.0576387849394518,0.22974964758391253,1037,4,55,0,f1,0.7577993273735046,1
xgboost,recent_only,1185,80,0.06751054852320675,0.837472677230835,0.6484276018099547,0.11387433598588796,0.4995475113122172,0.0,0.0,0.0,0.08333333333333333,0.0625,0.12605042016806722,0.1875,1.8671218487394958,60,119,0.06973864320370342,0.29041712376135487,1104,1,80,0,f1,0.837472677230835,2
xgboost,recent_only,1205,68,0.056431535269709544,0.7293471097946167,0.610779140152103,0.08648546744328806,0.5,0.0,0.0,0.0,0.13114754098360656,0.11764705882352941,0.12396694214876033,0.22058823529411764,2.196767136606709,61,121,0.05922621717157664,0.24845926107795263,1137,0,68,0,f1,0.7293471097946167,3
xgboost,cumulative_only,1096,55,0.05018248175182482,0.7111077308654785,0.6451838267400227,0.08727519650985374,0.5062090647105056,0.03225806451612903,0.14285714285714285,0.01818181818181818,0.09090909090909091,0.09090909090909091,0.1,0.2,1.992727272727273,55,110,0.057014472838564624,0.23333553687287387,1035,6,54,1,f1,0.7111077308654785,1
xgboost,cumulative_only,1185,80,0.06751054852320675,0.8923454880714417,0.6442873303167421,0.14332774234453707,0.5057975113122172,0.024390243902439025,0.5,0.0125,0.18333333333333332,0.1375,0.15966386554621848,0.2375,2.365021008403361,60,119,0.06882517129629753,0.3036590411036539,1104,1,79,1,f1,0.8923454880714417,2
xgboost,cumulative_only,1205,68,0.056431535269709544,0.7521456480026245,0.6159785814061772,0.10115747740138646,0.5060336799627503,0.027777777777777776,0.25,0.014705882352941176,0.14754098360655737,0.1323529411764706,0.10743801652892562,0.19117647058823528,1.9038648517258143,61,121,0.06283231682809833,0.26912545886945344,1134,3,67,1,f1,0.7521456480026245,3
xgboost,external_context,1096,55,0.05018248175182482,0.49399954080581665,0.5785171600733561,0.06973913841817883,0.5317614182167496,0.10526315789473684,0.06936416184971098,0.21818181818181817,0.09090909090909091,0.09090909090909091,0.1,0.2,1.992727272727273,55,110,0.15616238447001096,0.4743516838263019,880,161,43,12,f1,0.3586675226688385,1
xgboost,external_context,1185,80,0.06751054852320675,0.5775452256202698,0.582460407239819,0.09230644287575498,0.5164027149321266,0.07766990291262135,0.17391304347826086,0.05,0.1,0.075,0.1092436974789916,0.1625,1.6181722689075633,60,119,0.11227440726162961,0.38372659911514045,1086,19,76,4,f1,0.3256324827671051,2
xgboost,external_context,1205,68,0.056431535269709544,0.5850296020507812,0.5352449686998809,0.06655273087314043,0.5193685653680997,0.0945945945945946,0.0875,0.10294117647058823,0.08196721311475409,0.07352941176470588,0.0743801652892562,0.1323529411764706,1.3180602819640252,61,121,0.1358030094054592,0.43282325072170824,1064,73,61,7,f1,0.3532923758029938,3
xgboost,all_features,1096,55,0.05018248175182482,0.8336344361305237,0.6872936861409483,0.09544241952599836,0.49807877041306436,0.0,0.0,0.0,0.10909090909090909,0.10909090909090909,0.11818181818181818,0.23636363636363636,2.3550413223140496,55,110,0.05527459805388313,0.22457468876740705,1037,4,55,0,f1,0.8336344361305237,1
xgboost,all_features,1185,80,0.06751054852320675,0.9094440340995789,0.6612443438914027,0.14311827440443117,0.5,0.0,0.0,0.0,0.21666666666666667,0.1625,0.17647058823529413,0.2625,2.6139705882352944,60,119,0.06600057175220755,0.3026909543311359,1105,0,80,0,f1,0.9094440340995789,2
xgboost,all_features,1205,68,0.056431535269709544,0.8539760708808899,0.6178151999586114,0.10492165440882162,0.5,0.0,0.0,0.0,0.09836065573770492,0.08823529411764706,0.08264462809917356,0.14705882352941177,1.4645114244044726,61,121,0.0583682781819974,0.26646602943598463,1137,0,68,0,f1,0.8539760708808899,3
logistic,all_features,1096,55,0.05018248175182482,0.6380263246278876,0.5684918347742555,0.07937030653243875,0.5493930661077635,0.11808118081180811,0.07407407407407407,0.2909090909090909,0.12727272727272726,0.12727272727272726,0.1,0.2,1.992727272727273,55,110,0.20794201502305013,0.6967008080914006,841,200,39,16,f1,0.4718973183216671,1
logistic,all_features,1185,80,0.06751054852320675,0.68149084325492,0.6072285067873303,0.09211084845249756,0.5642816742081448,0.1686746987951807,0.1242603550295858,0.2625,0.06666666666666667,0.05,0.1092436974789916,0.1625,1.6181722689075633,60,119,0.1745501208151304,0.6466133328048426,957,148,59,21,f1,0.4754984757861168,2
logistic,all_features,1205,68,0.056431535269709544,0.6398423282342158,0.5758187179885148,0.07883765821260069,0.5614297170055358,0.14339622641509434,0.09644670050761421,0.27941176470588236,0.09836065573770492,0.08823529411764706,0.09917355371900827,0.17647058823529413,1.757413709285367,61,121,0.17691428907436016,0.5897575734950359,959,178,49,19,f1,0.4439703231625385,3
extra_trees,all_features,1096,55,0.05018248175182482,0.8608667627265593,0.6964806567112043,0.10828129530166936,0.5,0.0,0.0,0.0,0.14545454545454545,0.14545454545454545,0.12727272727272726,0.2545454545454545,2.5361983471074376,55,110,0.056033770987813696,0.2216809470300966,1041,0,55,0,f1,0.8608667627265593,1
extra_trees,all_features,1185,80,0.06751054852320675,0.9008146647126889,0.6673303167420815,0.1492690637601245,0.5,0.0,0.0,0.0,0.26666666666666666,0.2,0.19327731092436976,0.2875,2.862920168067227,60,119,0.06509612818047833,0.2539546066329551,1105,0,80,0,f1,0.9008146647126889,2
extra_trees,all_features,1205,68,0.056431535269709544,0.8552786051582819,0.6733793781364789,0.0986661707109498,0.5,0.0,0.0,0.0,0.11475409836065574,0.10294117647058823,0.10743801652892562,0.19117647058823528,1.9038648517258143,61,121,0.06025011152587063,0.2326189315835643,1137,0,68,0,f1,0.8552786051582819,3
random_forest,all_features,1096,55,0.05018248175182482,0.5540566769445068,0.698524146362763,0.11274507526385258,0.5,0.0,0.0,0.0,0.12727272727272726,0.12727272727272726,0.14545454545454545,0.2909090909090909,2.8985123966942146,55,110,0.05266975645393822,0.21127423657555303,1041,0,55,0,f1,0.5540566769445068,1
random_forest,all_features,1185,80,0.06751054852320675,0.5809639247822577,0.6701131221719456,0.1585835446147745,0.5,0.0,0.0,0.0,0.25,0.1875,0.2184873949579832,0.325,3.2363445378151265,60,119,0.06339290876332132,0.24937434370328604,1105,0,80,0,f1,0.5809639247822577,2
random_forest,all_features,1205,68,0.056431535269709544,0.5752713721119317,0.6844378912514875,0.10720654427480021,0.5,0.0,0.0,0.0,0.13114754098360656,0.11764705882352941,0.1322314049586777,0.23529411764705882,2.3432182790471563,61,121,0.05647507299370444,0.2207573034415092,1137,0,68,0,f1,0.5752713721119317,3
xgboost,all_features,1096,55,0.05018248175182482,0.8336344361305237,0.6872936861409483,0.09544241952599836,0.49807877041306436,0.0,0.0,0.0,0.10909090909090909,0.10909090909090909,0.11818181818181818,0.23636363636363636,2.3550413223140496,55,110,0.05527459805388313,0.22457468876740705,1037,4,55,0,f1,0.8336344361305237,1
xgboost,all_features,1185,80,0.06751054852320675,0.9094440340995789,0.6612443438914027,0.14311827440443117,0.5,0.0,0.0,0.0,0.21666666666666667,0.1625,0.17647058823529413,0.2625,2.6139705882352944,60,119,0.06600057175220755,0.3026909543311359,1105,0,80,0,f1,0.9094440340995789,2
xgboost,all_features,1205,68,0.056431535269709544,0.8539760708808899,0.6178151999586114,0.10492165440882162,0.5,0.0,0.0,0.0,0.09836065573770492,0.08823529411764706,0.08264462809917356,0.14705882352941177,1.4645114244044726,61,121,0.0583682781819974,0.26646602943598463,1137,0,68,0,f1,0.8539760708808899,3
lightgbm,all_features,1096,55,0.05018248175182482,0.9368732470151543,0.6890751899397433,0.0971505604842098,0.5,0.0,0.0,0.0,0.12727272727272726,0.12727272727272726,0.11818181818181818,0.23636363636363636,2.3550413223140496,55,110,0.0545288444432082,0.24383531777561704,1041,0,55,0,f1,0.9368732470151543,1
lightgbm,all_features,1185,80,0.06751054852320675,0.9707027858594919,0.6642647058823529,0.15077040572266412,0.5,0.0,0.0,0.0,0.2,0.15,0.16806722689075632,0.25,2.489495798319328,60,119,0.06547650011702798,0.34034827274131685,1105,0,80,0,f1,0.9707027858594919,2
lightgbm,all_features,1205,68,0.056431535269709544,0.9510950188794883,0.6326633555796989,0.12308661815383126,0.5,0.0,0.0,0.0,0.14754098360655737,0.1323529411764706,0.10743801652892562,0.19117647058823528,1.9038648517258143,61,121,0.05620635381555438,0.29003181210746454,1137,0,68,0,f1,0.9510950188794883,3
