model,feature,importance
xgboost,cumul_pass_bottom_share,0.028989652171730995
xgboost,position_D,0.014807626605033875
xgboost,last15_pass_bottom_share,0.01452905684709549
xgboost,last15_hsr,0.011917052790522575
xgboost,cumul_pressure_quality,0.011809526942670345
xgboost,recent_distance_ratio,0.011759060434997082
xgboost,is_defender,0.011518867686390877
xgboost,position_delta_last15_distance,0.011245615780353546
xgboost,last15_hsr_event_count,0.011239362880587578
xgboost,checkpoint_abs_min,0.01118195615708828
xgboost,cumul_hsr_event_count,0.010970602743327618
xgboost,pass_xt_per_pass,0.010607682168483734
xgboost,minutes_played_at_checkpoint,0.010562997311353683
xgboost,cumul_pass_top_share,0.010172898881137371
xgboost,position_delta_last15_sprints,0.010156819596886635
xgboost,cumul_pass_count,0.010113934986293316
xgboost,position_delta_cumul_distance,0.009916823357343674
xgboost,cumul_pass_receiver_diversity,0.009913449175655842
xgboost,has_intensity_surge,0.009894294664263725
xgboost,recent_hsr_ratio,0.009814968332648277
xgboost,minute_out,0.009631099179387093
xgboost,cumul_press_forced_turnover_count,0.009570205584168434
xgboost,cumul_pressure_top_share,0.009422270581126213
xgboost,is_attacker,0.009274592623114586
xgboost,sprints_per_90_so_far,0.00926399976015091
extra_trees,cumul_pass_bottom_share,0.021246776177888622
extra_trees,last15_pass_bottom_share,0.01845365412496859
extra_trees,is_defender,0.014487693796035345
extra_trees,is_attacker,0.014400082981574334
extra_trees,position_D,0.01424867596542213
extra_trees,position_A,0.013706223989034988
extra_trees,cumul_pass_top_share,0.012325875609497
extra_trees,formation_3-4-3,0.0111551957225378
extra_trees,is_home,0.010944568743526551
extra_trees,formation_4-4-2,0.010465947624370081
extra_trees,cumul_pressure_retention,0.010123423155424837
extra_trees,formation_4-3-3,0.010090398351249794
extra_trees,cumul_pressure_angle_mean_abs,0.00996271298668834
extra_trees,cumul_pressure_top_share,0.009870393893310375
extra_trees,cumul_pressure_turnover_rate,0.009673137302768831
extra_trees,formation_4-2-3-1,0.009649474310411677
extra_trees,last5_pass_bottom_share,0.009623481096297123
extra_trees,subbed,0.009554854920704205
extra_trees,recent_hsr_ratio,0.009295640984594558
extra_trees,is_goalkeeper,0.009293802351493428
extra_trees,cumul_pressure_forward_escape_rate,0.009275882435216163
extra_trees,is_late_game,0.009185516673883542
extra_trees,position_G,0.009111321837401704
extra_trees,cumul_run_top_share,0.008890671229042583
extra_trees,minute_out,0.008699942259455655
random_forest,cumul_pass_bottom_share,0.04091229103045042
random_forest,last15_pass_bottom_share,0.024102228333581867
random_forest,cumul_pressure_quality,0.02261301916428161
random_forest,position_delta_last15_distance,0.02009256822019371
random_forest,position_delta_cumul_distance,0.01972105896562513
random_forest,cumul_pass_top_share,0.017040826281058147
random_forest,cumul_pressure_angle_mean_abs,0.017040607011982737
random_forest,cumul_run_top_share,0.01701374596079692
random_forest,recent_distance_ratio,0.016515690222221685
random_forest,cumul_pass_count,0.01605193266802855
random_forest,minute_out,0.015313583047721412
random_forest,last15_distance,0.015084261358504053
random_forest,last15_run_distance,0.014731052309983566
random_forest,recent_hsr_ratio,0.014207625268260433
random_forest,cumul_peak_speed,0.012507316690408967
random_forest,cumul_pass_middle_share,0.01210449276891135
random_forest,cumul_run_max_speed,0.012065644898688194
random_forest,cumul_pressure_top_share,0.011876084149537993
random_forest,cumul_pressure_retention,0.011458038439690402
random_forest,pass_xt_per_pass,0.011451185879014576
random_forest,cumul_distance,0.011373044154360244
random_forest,position_delta_last15_shots,0.01132709804018162
random_forest,cumul_run_distance,0.011326713659676975
random_forest,cumul_pressure_angle_std_abs,0.011287397835765708
random_forest,cumul_pressure_turnover_rate,0.011264658857503466
logistic,position_delta_last15_distance,0.022098915102784566
logistic,position_delta_cumul_distance,0.02206405480829892
logistic,recent_distance_ratio,0.018763655080867286
logistic,position_G,0.016566279928959322
logistic,is_goalkeeper,0.016566279928959312
logistic,sprints_per_90_so_far,0.016060907395149683
logistic,cumul_shot_counter_count,0.01598870645732047
logistic,cumul_shot_blocked_rate,0.013846997126211886
logistic,cumul_mean_max_speed,0.013744454090490656
logistic,cumul_run_mean_speed,0.013708470211122523
logistic,recent_hsr_ratio,0.013580511186433756
logistic,formation_4-2-4,0.0124769685918496
logistic,last15_pass_bottom_share,0.011971848006936512
logistic,cumul_press_applied_count,0.01180351817965422
logistic,minute_out,0.011733753953167985
logistic,last15_shot_counter_count,0.011222935695399134
logistic,formation_4-1-3-2,0.011124320458488834
logistic,cumul_press_forced_turnover_count,0.010870759253725203
logistic,cumul_pressure_quality,0.010597576629269375
logistic,cumul_shots_under_press,0.010544017346329116
logistic,last5_shot_top_share,0.010292040439727392
logistic,last15_shots_top_third,0.009915351961666714
logistic,position_A,0.009716955147823328
logistic,is_attacker,0.0097169551478233
logistic,cumul_pass_bottom_share,0.009419407448732446
