model,feature_set,n,positives,base_rate,threshold,roc_auc,pr_auc,balanced_accuracy,f1,precision,recall,precision_at_5pct,recall_at_5pct,precision_at_10pct,recall_at_10pct,top_decile_lift,top_5pct_n,top_10pct_n,brier,log_loss,tn,fp,fn,tp
random_forest,all_features,3486,203,0.05823293172690763,,0.6792057606808622,0.11974491834421483,0.5,0.0,0.0,0.0,0.17142857142857143,0.1477832512315271,0.1489971346704871,0.2561576354679803,2.558640450548365,175,349,0.05763026761774697,0.22750364636322967,3283,0,203,0
stacked,all_features,3486,203,0.05823293172690763,,0.6816215494358908,0.1141797991439874,0.613079920594074,0.18604651162790697,0.12,0.41379310344827586,0.16,0.13793103448275862,0.14040114613180515,0.2413793103448276,2.4110265784013434,175,349,0.05405147871377309,0.21311055053020184,2667,616,119,84
lightgbm,all_features,3486,203,0.05823293172690763,,0.6563608018017881,0.11397512439207186,0.5,0.0,0.0,0.0,0.16,0.13793103448275862,0.12893982808022922,0.22167487684729065,2.2142080822053156,175,349,0.05883015562139339,0.2926117455737325,3283,0,203,0
xgboost,base_checkpoint,3486,203,0.05823293172690763,,0.6466511315944656,0.11386942403964226,0.49939080109655803,0.0,0.0,0.0,0.17714285714285713,0.15270935960591134,0.1489971346704871,0.2561576354679803,2.558640450548365,175,349,0.05968965160759519,0.26415070353216397,3279,4,203,0
extra_trees,all_features,3486,203,0.05823293172690763,,0.6743111625945871,0.11350467169949399,0.5,0.0,0.0,0.0,0.1657142857142857,0.14285714285714285,0.14040114613180515,0.2413793103448276,2.4110265784013434,175,349,0.060571804155245185,0.23643268484315336,3283,0,203,0
xgboost,base_plus_passing,3486,203,0.05823293172690763,,0.6475904382780978,0.11086113777369544,0.49939080109655803,0.0,0.0,0.0,0.17142857142857143,0.1477832512315271,0.14613180515759314,0.2512315270935961,2.5094358264993577,175,349,0.05993836851709008,0.2633753687171484,3279,4,203,0
xgboost,base_plus_pressure,3486,203,0.05823293172690763,,0.6415059516932278,0.10783747093005415,0.5021584547354712,0.009708737864077669,0.3333333333333333,0.0049261083743842365,0.16,0.13793103448275862,0.1346704871060172,0.2315270935960591,2.31261733030333,175,349,0.06027213272445157,0.2673949461319026,3281,2,202,1
xgboost,cumulative_only,3486,203,0.05823293172690763,,0.631433162927696,0.10768827694070678,0.5058661653029715,0.027777777777777776,0.23076923076923078,0.014778325123152709,0.14285714285714285,0.12315270935960591,0.12320916905444126,0.21182266009852216,2.1157988341073017,175,349,0.06304034193776187,0.26961213139936635,3273,10,200,3
xgboost,all_features,3486,203,0.05823293172690763,,0.6496806207226659,0.10700672283545318,0.49939080109655803,0.0,0.0,0.0,0.15428571428571428,0.1330049261083744,0.12607449856733524,0.21674876847290642,2.1650034581563085,175,349,0.0599900780845464,0.26560935319616624,3279,4,203,0
xgboost,recent_only,3486,203,0.05823293172690763,,0.6298186357845836,0.09403956438768356,0.49923850137069753,0.0,0.0,0.0,0.12,0.10344827586206896,0.12320916905444126,0.21182266009852216,2.1157988341073017,175,349,0.06230062885306298,0.2568397346552228,3278,5,203,0
xgboost,sprints_shots,3486,203,0.05823293172690763,,0.6147372116996199,0.08999532961023884,0.5014494732530171,0.024489795918367346,0.07142857142857142,0.014778325123152709,0.10285714285714286,0.08866995073891626,0.08882521489971347,0.15270935960591134,1.5253433455192174,175,349,0.07196224010521575,0.2739452548555227,3244,39,200,3
autogluon_holdout,all_features,1096,55,0.05018248175182482,0.5,0.661461881058423,0.07954142589157112,0.5,0.0,0.0,0.0,0.09090909090909091,0.09090909090909091,0.07272727272727272,0.14545454545454545,1.4492561983471073,55,110,0.04735473000882022,0.19314094418907146,1041,0,55,0
logistic,all_features,3486,203,0.05823293172690763,,0.5797307821003558,0.07758217639850012,0.5578213786801391,0.14267515923566879,0.09621993127147767,0.27586206896551724,0.10285714285714286,0.08866995073891626,0.10315186246418338,0.17733990147783252,1.7713664657642525,175,349,0.1858657659110145,0.6427076193641513,2757,526,147,56
xgboost,external_context,3486,203,0.05823293172690763,,0.555560140385836,0.07080744922753802,0.5181184156627139,0.09603340292275574,0.08333333333333333,0.11330049261083744,0.10857142857142857,0.09359605911330049,0.0830945558739255,0.14285714285714285,1.4269340974212035,175,349,0.13420590141071184,0.42919032775235993,3030,253,180,23
