feature,correlation
is_attacker,0.1323571052298354
cumul_pass_bottom_share,-0.1316731592169697
last15_pass_bottom_share,-0.12697307687927517
cumul_pass_top_share,0.11367000029819695
cumul_run_top_share,0.11219244859409591
cumul_pass_receiver_diversity,-0.10551627020488626
recent_hsr_ratio,0.10409458966819767
cumul_pressure_top_share,0.10375672966721569
cumul_pass_count,-0.10210804570394
cumul_pressure_quality,-0.09844605709951114
minutes_played_at_checkpoint,-0.09804310325180829
last15_pass_top_share,0.09751814252072204
recent_distance_ratio,0.0968196177377177
last15_run_top_share,0.09611051884251945
is_defender,-0.088330852045541
shots_per_90_so_far,0.08220948254945035
checkpoint_abs_min,-0.08183744539095943
last15_press_applied_count,0.08086884393774933
